step,t_s,truth_x,truth_y,truth_theta,odom_x,odom_y,odom_theta,err_xy,err_yaw_deg
1,0.1,6.192606,9.636886,0.744607,6.195317,9.639573,0.746776,0.003816,-0.1243
2,0.2,6.235172,9.679173,0.782107,6.239643,9.683548,0.781432,0.006256,0.0387
3,0.3,6.276122,9.723026,0.819607,6.281488,9.728459,0.820716,0.007636,-0.0635
4,0.4,6.3154,9.768383,0.857107,6.322946,9.776346,0.857222,0.010971,-0.0066
5,0.5,6.352949,9.815181,0.894607,6.361469,9.824371,0.894763,0.012532,-0.0089
6,0.6,6.388718,9.863353,0.932107,6.397384,9.873149,0.936127,0.013079,-0.2303
7,0.7,6.422655,9.912833,0.969607,6.431356,9.923304,0.975441,0.013614,-0.3342
8,0.8,6.454714,9.96355,1.007107,6.466067,9.979031,1.013721,0.019197,-0.379
9,0.9,6.484848,10.015434,1.044607,6.497067,10.033491,1.053304,0.021802,-0.4983
10,1.0,6.513017,10.068411,1.082107,6.526271,10.089529,1.090382,0.024933,-0.4741
11,1.1,6.539179,10.122407,1.119607,6.553116,10.146776,1.132304,0.028073,-0.7275
12,1.2,6.563298,10.177345,1.157107,6.575708,10.200584,1.173291,0.026344,-0.9272
13,1.3,6.585341,10.23315,1.194607,6.597988,10.259895,1.211463,0.029585,-0.9658
14,1.4,6.605276,10.289741,1.232107,6.619597,10.325426,1.252267,0.038451,-1.1551
15,1.5,6.623075,10.34704,1.269607,6.635957,10.382531,1.291782,0.037756,-1.2705
16,1.6,6.638714,10.404966,1.307107,6.651343,10.445405,1.330803,0.042365,-1.3577
17,1.7,6.65217,10.463438,1.344607,6.664313,10.509148,1.370053,0.047296,-1.458
18,1.8,6.663424,10.522373,1.382107,6.674584,10.573333,1.412125,0.052168,-1.7199
19,1.9,6.672461,10.581689,1.419607,6.681818,10.633876,1.451881,0.053019,-1.8492
20,2.0,6.679268,10.641301,1.457107,6.686698,10.695292,1.491495,0.0545,-1.9703
21,2.1,6.683835,10.701127,1.494607,6.689135,10.75468,1.529784,0.053815,-2.0155
22,2.2,6.686155,10.761082,1.532107,6.689132,10.817092,1.570844,0.056089,-2.2195
23,2.3,6.686227,10.821082,1.569607,6.686679,10.883482,1.607737,0.062402,-2.1847
24,2.4,6.684049,10.881043,1.607107,6.681984,10.943916,1.648325,0.062907,-2.3616
25,2.5,6.679624,10.940879,1.644607,6.675382,11.000556,1.686832,0.059827,-2.4193
26,2.6,6.672959,11.000508,1.682107,6.66553,11.062485,1.728564,0.06242,-2.6618
27,2.7,6.664063,11.059845,1.719607,6.652824,11.126301,1.767325,0.067399,-2.734
28,2.8,6.652949,11.118807,1.757107,6.638386,11.186487,1.806231,0.06923,-2.8146
29,2.9,6.639632,11.17731,1.794607,6.620102,11.251537,1.844804,0.076753,-2.876
30,3.0,6.624132,11.235273,1.832107,6.600923,11.310589,1.88484,0.078811,-3.0213
31,3.1,6.606469,11.292614,1.869607,6.579265,11.369364,1.923845,0.081428,-3.1076
32,3.2,6.586668,11.349253,1.907107,6.556451,11.424487,1.963198,0.081075,-3.2138
33,3.3,6.564758,11.40511,1.944607,6.530521,11.48044,2.00476,0.082746,-3.4465
34,3.4,6.540769,11.460106,1.982107,6.500911,11.538259,2.044089,0.08773,-3.5513
35,3.5,6.514736,11.514163,2.019607,6.469062,11.594927,2.082827,0.092784,-3.6222
36,3.6,6.486694,11.567207,2.057107,6.434405,11.651279,2.122192,0.099006,-3.7291
37,3.7,6.456683,11.619162,2.094607,6.398469,11.705141,2.159147,0.103833,-3.6978
38,3.8,6.424745,11.669956,2.132107,6.361022,11.757092,2.195356,0.107951,-3.6239
39,3.9,6.390925,11.719516,2.169607,6.325988,11.80192,2.23416,0.104915,-3.6986
40,4.0,6.355271,11.767774,2.207107,6.287002,11.847922,2.273843,0.105283,-3.8237
41,4.1,6.317833,11.814661,2.244607,6.239936,11.899378,2.311658,0.115087,-3.8418
42,4.2,6.278664,11.860111,2.282107,6.196919,11.942808,2.351419,0.116279,-3.9712
43,4.3,6.237818,11.904061,2.319607,6.14979,11.986813,2.390463,0.120816,-4.0597
44,4.4,6.195352,11.946449,2.357107,6.1025,12.027496,2.431155,0.123249,-4.2426
45,4.5,6.151328,11.987215,2.394607,6.052017,12.067739,2.468592,0.127855,-4.239
46,4.6,6.105806,12.026301,2.432107,6.001435,12.104895,2.508033,0.130653,-4.3502
47,4.7,6.058851,12.063654,2.469607,5.951838,12.138369,2.547895,0.130515,-4.4856
48,4.8,6.010528,12.09922,2.507107,5.900402,12.170082,2.589093,0.130955,-4.6974
49,4.9,5.960906,12.132949,2.544607,5.845007,12.201283,2.628635,0.134545,-4.8145
50,5.0,5.910055,12.164794,2.582107,5.790525,12.22922,2.667788,0.135787,-4.9091
51,5.1,5.858045,12.19471,2.619607,5.738864,12.253323,2.705041,0.132814,-4.895
52,5.2,5.80495,12.222655,2.657107,5.679864,12.278349,2.740425,0.136925,-4.7738
53,5.3,5.750845,12.24859,2.694607,5.618643,12.301748,2.776526,0.142488,-4.6936
54,5.4,5.695805,12.272478,2.732107,5.556837,12.32273,2.814316,0.147774,-4.7102
55,5.5,5.639909,12.294286,2.769607,5.494185,12.341266,2.853937,0.153109,-4.8317
56,5.6,5.583234,12.313983,2.807107,5.437552,12.355482,2.895654,0.151477,-5.0733
57,5.7,5.52586,12.331541,2.844607,5.37166,12.369299,2.934905,0.158755,-5.1737
58,5.8,5.467869,12.346936,2.882107,5.310353,12.379672,2.973981,0.160881,-5.264
59,5.9,5.409341,12.360146,2.919607,5.250756,12.387232,3.015416,0.160881,-5.4894
60,6.0,5.350359,12.371153,2.957107,5.189617,12.392558,3.054695,0.162162,-5.5913
61,6.1,5.291006,12.37994,2.994607,5.129068,12.395509,3.092896,0.162685,-5.6315
62,6.2,5.231366,12.386496,3.032107,5.069903,12.395921,3.134628,0.161737,-5.874
63,6.3,5.171521,12.390812,3.069607,5.007402,12.393781,-3.107372,0.164146,-6.0852
64,6.4,5.111557,12.39288,3.107107,4.944527,12.389228,-3.069299,0.16707,-6.118
65,6.5,5.051557,12.3927,-3.138578,4.882886,12.382381,-3.030974,0.168987,-6.1653
66,6.6,4.991606,12.390269,-3.101078,4.820563,12.373007,-2.992303,0.171912,-6.2324
67,6.7,4.931789,12.385593,-3.063578,4.759535,12.361518,-2.955512,0.173928,-6.1917
68,6.8,4.872189,12.378678,-3.026078,4.700531,12.347793,-2.913036,0.174414,-6.4768
69,6.9,4.81289,12.369533,-2.988578,4.641688,12.331763,-2.875637,0.175318,-6.471
70,7.0,4.753975,12.358171,-2.951078,4.580688,12.31236,-2.833624,0.17924,-6.7296
71,7.1,4.695528,12.344608,-2.913578,4.525544,12.292421,-2.79464,0.177815,-6.8147
72,7.2,4.637631,12.328864,-2.876078,4.468868,12.269585,-2.758567,0.178871,-6.7329
73,7.3,4.580364,12.31096,-2.838578,4.409393,12.242857,-2.719236,0.184036,-6.8378
74,7.4,4.523809,12.290922,-2.801078,4.352759,12.214775,-2.681271,0.187234,-6.8644
75,7.5,4.468045,12.268777,-2.763578,4.296233,12.183991,-2.642907,0.191593,-6.9139
76,7.6,4.413151,12.244557,-2.726078,4.242437,12.152037,-2.60561,0.194174,-6.9023
77,7.7,4.359203,12.218297,-2.688578,4.192722,12.119617,-2.563731,0.19353,-7.1532
78,7.8,4.306277,12.190032,-2.651078,4.142606,12.084006,-2.523809,0.195012,-7.292
79,7.9,4.254449,12.159803,-2.613578,4.092776,12.045625,-2.485262,0.197926,-7.352
80,8.0,4.20379,12.127652,-2.576078,4.045633,12.006167,-2.444705,0.199429,-7.5271
81,8.1,4.154372,12.093624,-2.538578,3.99961,11.964483,-2.405614,0.201566,-7.6183
82,8.2,4.106265,12.057768,-2.501078,3.954667,11.920239,-2.364033,0.204685,-7.8521
83,8.3,4.059536,12.020133,-2.463578,3.910183,11.872788,-2.323941,0.209801,-8.0006
84,8.4,4.014251,11.980772,-2.426078,3.869925,11.826549,-2.287157,0.211222,-7.9596
85,8.5,3.970473,11.939742,-2.388578,3.828767,11.775147,-2.24597,0.217191,-8.1708
86,8.6,3.928264,11.897099,-2.351078,3.791658,11.72476,-2.205579,0.219913,-8.3365
87,8.7,3.887684,11.852904,-2.313578,3.755095,11.670603,-2.164645,0.225418,-8.5332
88,8.8,3.848789,11.807218,-2.276078,3.720422,11.614721,-2.126125,0.231372,-8.5917
89,8.9,3.811634,11.760106,-2.238578,3.686961,11.556047,-2.089087,0.239131,-8.5652
90,9.0,3.776272,11.711634,-2.201078,3.656792,11.497813,-2.048786,0.244939,-8.7257
91,9.1,3.742751,11.661871,-2.163578,3.629133,11.438305,-2.005888,0.25078,-9.035
92,9.2,3.71112,11.610886,-2.126078,3.602998,11.376121,-1.96866,0.258466,-9.0194
93,9.3,3.681423,11.558751,-2.088578,3.582755,11.321839,-1.927753,0.256637,-9.2146
94,9.4,3.653701,11.505539,-2.051078,3.564031,11.264882,-1.888402,0.256819,-9.3207
95,9.5,3.627994,11.451325,-2.013578,3.545842,11.201939,-1.852109,0.262569,-9.2515
96,9.6,3.604337,11.396185,-1.976078,3.532292,11.146912,-1.812248,0.259476,-9.3868
97,9.7,3.582765,11.340198,-1.938578,3.519592,11.08507,-1.773333,0.262833,-9.4678
98,9.8,3.563306,11.283441,-1.901078,3.509239,11.022809,-1.735572,0.266181,-9.4828
99,9.9,3.545989,11.225994,-1.863578,3.501909,10.964811,-1.696509,0.264877,-9.5723
100,10.0,3.530838,11.167939,-1.826078,3.496544,10.904966,-1.660216,0.265199,-9.5032
101,10.1,3.517874,11.109356,-1.788578,3.493309,10.84053,-1.620956,0.269946,-9.604
102,10.2,3.507116,11.050328,-1.751078,3.492497,10.776316,-1.583436,0.274402,-9.6052
103,10.3,3.498578,10.990939,-1.713578,3.494014,10.715309,-1.545934,0.275668,-9.6053
104,10.4,3.492273,10.931271,-1.676078,3.49791,10.655095,-1.506193,0.276234,-9.7337
105,10.5,3.488209,10.871409,-1.638578,3.504245,10.594775,-1.46615,0.277098,-9.8794
106,10.6,3.486392,10.811436,-1.601078,3.513674,10.531454,-1.422978,0.281308,-10.2044
107,10.7,3.486825,10.751438,-1.563578,3.524717,10.473678,-1.381938,0.280332,-10.4072
108,10.8,3.489507,10.691498,-1.526078,3.538909,10.412573,-1.342589,0.283266,-10.5131
109,10.9,3.494435,10.6317,-1.488578,3.554367,10.355997,-1.304077,0.282143,-10.5711
110,11.0,3.501601,10.57213,-1.451078,3.574014,10.293796,-1.264857,0.287599,-10.6697
111,11.1,3.510995,10.51287,-1.413578,3.595389,10.234274,-1.226027,0.291097,-10.7459
112,11.2,3.522605,10.454004,-1.376078,3.620294,10.172654,-1.186692,0.297827,-10.851
113,11.3,3.536413,10.395614,-1.338578,3.643404,10.121207,-1.148615,0.294528,-10.8841
114,11.4,3.5524,10.337784,-1.301078,3.668518,10.069933,-1.115336,0.291937,-10.6422
115,11.5,3.570545,10.280593,-1.263578,3.697816,10.015963,-1.073461,0.293644,-10.8929
116,11.6,3.590821,10.224123,-1.226078,3.729981,9.961629,-1.036284,0.2971,-10.8744
117,11.7,3.6132,10.168452,-1.188578,3.762759,9.911161,-0.99479,0.297602,-11.1033
118,11.8,3.63765,10.11366,-1.151078,3.799404,9.859335,-0.955325,0.301406,-11.2159
119,11.9,3.664137,10.059823,-1.113578,3.83768,9.809497,-0.915878,0.304598,-11.3274
120,12.0,3.692624,10.007017,-1.076078,3.879588,9.759268,-0.875467,0.310379,-11.4942
121,12.1,3.723071,9.955316,-1.038578,3.922163,9.711957,-0.838047,0.314422,-11.4896
122,12.2,3.755434,9.904793,-1.001078,3.967125,9.665665,-0.799955,0.319366,-11.5235
123,12.3,3.78967,9.855518,-0.963578,4.015033,9.619861,-0.762963,0.326073,-11.4944
124,12.4,3.825728,9.807562,-0.926078,4.061938,9.578422,-0.723602,0.32909,-11.601
125,12.5,3.863559,9.760992,-0.888578,4.107798,9.541261,-0.680998,0.328533,-11.8935
126,12.6,3.903109,9.715872,-0.851078,4.161743,9.500887,-0.642492,0.336318,-11.9511
127,12.7,3.944323,9.672267,-0.813578,4.215561,9.463878,-0.602407,0.342047,-12.0992
128,12.8,3.987143,9.630238,-0.776078,4.26222,9.434458,-0.562563,0.337634,-12.2335
129,12.9,4.031509,9.589844,-0.738578,4.316638,9.403081,-0.523032,0.34085,-12.3499
130,13.0,4.077358,9.551141,-0.701078,4.369538,9.37526,-0.484162,0.341033,-12.4284
131,13.1,4.124625,9.514185,-0.663578,4.425985,9.348509,-0.442559,0.343898,-12.6635
132,13.2,4.173245,9.479027,-0.626078,4.484856,9.323397,-0.403195,0.348313,-12.7703
133,13.3,4.223149,9.445716,-0.588578,4.547994,9.299281,-0.364861,0.356325,-12.8181
134,13.4,4.274267,9.414299,-0.551078,4.606512,9.279309,-0.328892,0.358621,-12.7303
135,13.5,4.326526,9.384822,-0.513578,4.671436,9.260097,-0.287709,0.366768,-12.9413
136,13.6,4.379854,9.357324,-0.476078,4.73519,9.244016,-0.24708,0.372964,-13.1206
137,13.7,4.434176,9.331845,-0.438578,4.797164,9.230982,-0.207301,0.376741,-13.2512
138,13.8,4.489414,9.30842,-0.401078,4.858529,9.220555,-0.168308,0.379428,-13.3368
139,13.9,4.545492,9.287083,-0.363578,4.92119,9.212611,-0.126098,0.383008,-13.6066
140,14.0,4.60233,9.267863,-0.326078,4.985614,9.207003,-0.086832,0.388085,-13.7078
141,14.1,4.659849,9.250788,-0.288578,5.046803,9.204024,-0.048648,0.389769,-13.747
142,14.2,4.717968,9.235881,-0.251078,5.114609,9.20346,-0.008323,0.397963,-13.9088
143,14.3,4.776605,9.223163,-0.213578,5.177782,9.205381,0.030403,0.401571,-13.9791
144,14.4,4.835677,9.212653,-0.176078,5.23731,9.209534,0.069653,0.401645,-14.0793
145,14.5,4.895102,9.204365,-0.138578,5.302547,9.216626,0.108292,0.407629,-14.1446
146,14.6,4.954796,9.19831,-0.101078,5.364191,9.22577,0.147252,0.410315,-14.2283
147,14.7,5.014674,9.194498,-0.063578,5.426455,9.237334,0.18364,0.414002,-14.1646
148,14.8,5.074654,9.192934,-0.026078,5.487228,9.251014,0.221413,0.416642,-14.1802
149,14.9,5.13465,9.193619,0.011422,5.550686,9.267851,0.259343,0.422606,-14.2049
150,15.0,5.194578,9.196553,0.048922,5.612496,9.287078,0.301577,0.427609,-14.4761
151,15.1,5.254354,9.201732,0.086422,5.671006,9.307763,0.339824,0.429932,-14.5189
152,15.2,5.313894,9.209148,0.123922,5.730064,9.331297,0.379195,0.433725,-14.6261
153,15.3,5.373114,9.218792,0.161422,5.784881,9.355739,0.419434,0.433943,-14.783
154,15.4,5.431931,9.230649,0.198922,5.846801,9.386289,0.458325,0.443104,-14.8627
155,15.5,5.490262,9.244702,0.236422,5.901682,9.415967,0.495741,0.445643,-14.8579
156,15.6,5.548025,9.260933,0.273922,5.956775,9.448453,0.532778,0.449711,-14.8314
157,15.7,5.605139,9.279317,0.311422,6.006871,9.480886,0.574552,0.449465,-15.0763
158,15.8,5.661524,9.29983,0.348922,6.056076,9.515714,0.615955,0.449753,-15.2999
159,15.9,5.717099,9.322443,0.386422,6.109631,9.556921,0.655816,0.457232,-15.4351
160,16.0,5.771788,9.347123,0.423922,6.159134,9.598519,0.698851,0.461775,-15.7523
161,16.1,5.825514,9.373837,0.461422,6.205343,9.640468,0.737115,0.464072,-15.796
162,16.2,5.878199,9.402545,0.498922,6.247386,9.681776,0.776568,0.462892,-15.9079
163,16.3,5.929772,9.433209,0.536422,6.293505,9.730978,0.817742,0.470072,-16.1185
164,16.4,5.980159,9.465785,0.573922,6.332969,9.776404,0.855513,0.470063,-16.134
165,16.5,6.029289,9.500227,0.611422,6.371409,9.824394,0.895436,0.471307,-16.2728
166,16.6,6.077093,9.536487,0.648922,6.408444,9.874596,0.935213,0.473404,-16.4033
167,16.7,6.123504,9.574513,0.686422,6.444348,9.927443,0.974028,0.47697,-16.4786
168,16.8,6.168457,9.614253,0.723922,6.477589,9.980818,1.01379,0.479513,-16.6082
169,16.9,6.211888,9.65565,0.761422,6.508587,10.035375,1.05411,0.481893,-16.7698
170,17.0,6.253737,9.698646,0.798922,6.540039,10.096354,1.094594,0.490041,-16.9408
171,17.1,6.293944,9.743181,0.836422,6.566944,10.153505,1.130808,0.492843,-16.8671
172,17.2,6.332454,9.789192,0.873922,6.592182,10.212497,1.166533,0.496634,-16.7654
173,17.3,6.369211,9.836615,0.911422,6.613067,10.267434,1.20751,0.495046,-16.9646
174,17.4,6.404165,9.885382,0.948922,6.63381,10.32916,1.246604,0.499676,-17.0559
175,17.5,6.437265,9.935425,0.986422,6.650109,10.384687,1.285283,0.497131,-17.1235
176,17.6,6.468467,9.986675,1.023922,6.664893,10.443831,1.325852,0.49757,-17.2993
177,17.7,6.497724,10.039058,1.061422,6.679108,10.512141,1.365634,0.506664,-17.4301
178,17.8,6.524998,10.092501,1.098922,6.68925,10.57195,1.402814,0.506804,-17.4117
179,17.9,6.550248,10.146929,1.136422,6.697329,10.63426,1.441858,0.509042,-17.5002
180,18.0,6.573441,10.202265,1.173922,6.702642,10.693568,1.481451,0.508007,-17.6201
181,18.1,6.594542,10.258432,1.211422,6.705493,10.753047,1.522911,0.506906,-17.847
182,18.2,6.613523,10.315351,1.248922,6.705921,10.819233,1.56432,0.512284,-18.071
183,18.3,6.630356,10.372941,1.286422,6.703836,10.880776,1.60466,0.513123,-18.2337
184,18.4,6.645019,10.431122,1.323922,6.699301,10.943215,1.643306,0.514962,-18.2993
185,18.5,6.657489,10.489812,1.361422,6.692531,11.004827,1.680244,0.516206,-18.2671
186,18.6,6.667751,10.548928,1.398922,6.683745,11.062834,1.721108,0.514155,-18.4599
187,18.7,6.675789,10.608387,1.436422,6.67195,11.124135,1.760889,0.515763,-18.5906
188,18.8,6.681593,10.668105,1.473922,6.657146,11.188459,1.797014,0.520927,-18.5118
189,18.9,6.685153,10.728,1.511422,6.641207,11.246975,1.836718,0.520832,-18.6381
190,19.0,6.686466,10.787985,1.548922,6.621961,11.308197,1.875386,0.524196,-18.705
191,19.1,6.685528,10.847978,1.586422,6.59965,11.370405,1.915155,0.529438,-18.835
192,19.2,6.682342,10.907893,1.623922,6.577523,11.425486,1.952785,0.5281,-18.8425
193,19.3,6.676912,10.967647,1.661422,6.550715,11.485157,1.99303,0.532675,-18.9997
194,19.4,6.669245,11.027155,1.698922,6.525064,11.536398,2.034932,0.529261,-19.2519
195,19.5,6.659353,11.086334,1.736422,6.493657,11.593072,2.076826,0.53314,-19.5037
196,19.6,6.647249,11.145101,1.773922,6.461602,11.645966,2.115646,0.534163,-19.5794
197,19.7,6.632951,11.203372,1.811422,6.428482,11.69554,2.159778,0.532952,-19.9593
198,19.8,6.616478,11.261066,1.848922,6.391608,11.745972,2.202129,0.534509,-20.2373
199,19.9,6.597853,11.318102,1.886422,6.353644,11.793792,2.241812,0.534714,-20.3623
200,20.0,6.577103,11.3744,1.923922,6.315861,11.837779,2.280469,0.531946,-20.4286
201,20.1,6.554257,11.429881,1.961422,6.271065,11.886183,2.317497,0.537037,-20.4016
202,20.2,6.529347,11.484465,1.998922,6.224182,11.932943,2.357504,0.542456,-20.5452
203,20.3,6.502408,11.538078,2.036422,6.1802,11.973561,2.395939,0.541723,-20.5988
204,20.4,6.473478,11.590643,2.073922,6.133322,12.013559,2.435221,0.542738,-20.7009
205,20.5,6.442598,11.642086,2.111422,6.085147,12.051613,2.473045,0.543584,-20.7195
206,20.6,6.40981,11.692335,2.148922,6.03502,12.088245,2.510494,0.545173,-20.7166
207,20.7,6.375162,11.74132,2.186422,5.985945,12.121233,2.549779,0.543897,-20.8188
208,20.8,6.338702,11.788971,2.223922,5.93016,12.155843,2.586286,0.549091,-20.7619
209,20.9,6.300481,11.835222,2.261422,5.87539,12.186996,2.624443,0.551767,-20.7996
210,21.0,6.260553,11.880007,2.298922,5.822003,12.21453,2.665418,0.551571,-20.9987
211,21.1,6.218973,11.923264,2.336422,5.766254,12.240368,2.707602,0.552729,-21.2671
212,21.2,6.175801,11.964932,2.373922,5.710239,12.263648,2.747702,0.553154,-21.416
213,21.3,6.131098,12.004952,2.411422,5.651827,12.285364,2.785663,0.555276,-21.4424
214,21.4,6.084925,12.043267,2.448922,5.590287,12.305542,2.824747,0.55987,-21.5332
215,21.5,6.037349,12.079825,2.486422,5.527958,12.3233,2.864034,0.564587,-21.6356
216,21.6,5.988435,12.114573,2.523922,5.469905,12.337407,2.903217,0.564383,-21.732
217,21.7,5.938253,12.147463,2.561422,5.407973,12.349781,2.944389,0.567564,-21.9424
218,21.8,5.886873,12.178449,2.598922,5.348442,12.35926,2.983691,0.567979,-22.0456
219,21.9,5.834367,12.207486,2.636422,5.291005,12.366029,3.024287,0.566019,-22.2231
220,22.0,5.78081,12.234535,2.673922,5.231447,12.370883,3.060275,0.56603,-22.1364
221,22.1,5.726276,12.259556,2.711422,5.168675,12.373387,3.101724,0.569102,-22.3626
222,22.2,5.670843,12.282516,2.748922,5.110248,12.373535,3.139058,0.567936,-22.3532
223,22.3,5.614588,12.303381,2.786422,5.049515,12.371425,-3.10687,0.569155,-22.3393
224,22.4,5.55759,12.322122,2.823922,4.985545,12.366774,-3.069008,0.573785,-22.36
225,22.5,5.499929,12.338713,2.861422,4.925098,12.359911,-3.02854,0.575222,-22.5301
226,22.6,5.441687,12.353131,2.898922,4.865076,12.35064,-2.988353,0.576616,-22.684
227,22.7,5.382946,12.365355,2.936422,4.806076,12.339272,-2.951251,0.577459,-22.6612
228,22.8,5.323787,12.375368,2.973922,4.750138,12.325986,-2.908386,0.57577,-22.9686
229,22.9,5.264295,12.383157,3.011422,4.690397,12.309256,-2.868554,0.578636,-23.1022
230,23.0,5.204552,12.388709,3.048922,4.630541,12.289903,-2.828879,0.582453,-23.2268
231,23.1,5.144643,12.392017,3.086422,4.571344,12.267914,-2.785926,0.586578,-23.5392
232,23.2,5.084653,12.393078,3.123922,4.516006,12.24503,-2.749471,0.587603,-23.4794
233,23.3,5.024665,12.391888,-3.121763,4.461476,12.220087,-2.712599,0.58881,-23.4434
234,23.4,4.964763,12.38845,-3.084263,4.403306,12.190546,-2.671686,0.595315,-23.639
235,23.5,4.905033,12.382769,-3.046763,4.350743,12.161373,-2.634918,0.596869,-23.597
236,23.6,4.845557,12.374852,-3.009263,4.297898,12.129071,-2.592934,0.600282,-23.8539
237,23.7,4.78642,12.364711,-2.971763,4.252548,12.098771,-2.552572,0.596443,-24.0179
238,23.8,4.727705,12.352361,-2.934263,4.204262,12.063539,-2.511246,0.597838,-24.2371
239,23.9,4.669495,12.337817,-2.896763,4.157386,12.026464,-2.472406,0.59933,-24.3139
240,24.0,4.61187,12.321101,-2.859263,4.112911,11.988489,-2.434864,0.599659,-24.3163
241,24.1,4.554913,12.302237,-2.821763,4.063665,11.942828,-2.39395,0.608687,-24.5119
242,24.2,4.498703,12.281251,-2.784263,4.019969,11.899133,-2.356207,0.612536,-24.5258
243,24.3,4.443319,12.258172,-2.746763,3.981034,11.857067,-2.31757,0.612039,-24.591
244,24.4,4.388839,12.233033,-2.709263,3.940146,11.809261,-2.278353,0.617178,-24.6894
245,24.5,4.335341,12.205869,-2.671763,3.901184,11.760112,-2.241081,0.622247,-24.6763
246,24.6,4.282898,12.176718,-2.634263,3.864135,11.709403,-2.201778,0.627491,-24.7796
247,24.7,4.231585,12.145622,-2.596763,3.827036,11.653766,-2.158903,0.636853,-25.0875
248,24.8,4.181474,12.112623,-2.559263,3.794312,11.600413,-2.120965,0.64207,-25.1126
249,24.9,4.132635,12.07777,-2.521763,3.763546,11.54566,-2.082729,0.647586,-25.1548
250,25.0,4.085138,12.041109,-2.484263,3.735879,11.49155,-2.043464,0.65115,-25.2559
251,25.1,4.039048,12.002694,-2.446763,3.710803,11.437184,-2.002953,0.65387,-25.4285
252,25.2,3.994431,11.962578,-2.409263,3.686836,11.379259,-1.963109,0.659451,-25.5628
253,25.3,3.951349,11.920817,-2.371763,3.665169,11.320686,-1.925098,0.664873,-25.5921
254,25.4,3.909863,11.87747,-2.334263,3.646511,11.263497,-1.886168,0.66807,-25.674
255,25.5,3.870032,11.832599,-2.296763,3.629818,11.204458,-1.846354,0.672506,-25.8066
256,25.6,3.83191,11.786266,-2.259263,3.614923,11.143258,-1.809533,0.678633,-25.7676
257,25.7,3.795553,11.738536,-2.221763,3.60225,11.08134,-1.772676,0.685035,-25.7308
258,25.8,3.761011,11.689476,-2.184263,3.592323,11.021,-1.733853,0.689431,-25.8066
259,25.9,3.728332,11.639156,-2.146763,3.585329,10.964659,-1.694307,0.68949,-25.9239
260,26.0,3.697563,11.587647,-2.109263,3.579978,10.901432,-1.655228,0.696216,-26.0143
261,26.1,3.668746,11.53502,-2.071763,3.577154,10.839769,-1.616553,0.701257,-26.0816
262,26.2,3.641923,11.481349,-2.034263,3.576741,10.7797,-1.577684,0.70467,-26.1601
263,26.3,3.617131,11.426711,-1.996763,3.578744,10.718391,-1.538137,0.709359,-26.2773
264,26.4,3.594405,11.371181,-1.959263,3.583044,10.659159,-1.49832,0.712113,-26.4101
265,26.5,3.573776,11.314839,-1.921763,3.590107,10.596124,-1.459211,0.7189,-26.5023
266,26.6,3.555275,11.257763,-1.884263,3.599447,10.535153,-1.4188,0.723958,-26.6691
267,26.7,3.538926,11.200033,-1.846763,3.610529,10.478215,-1.378562,0.72536,-26.826
268,26.8,3.524753,11.141731,-1.809263,3.62519,10.416196,-1.338656,0.732454,-26.9638
269,26.9,3.512776,11.082938,-1.771763,3.642319,10.354375,-1.300506,0.739991,-27.0011
270,27.0,3.503012,11.023738,-1.734263,3.661351,10.295135,-1.259937,0.74561,-27.1769
271,27.1,3.495474,10.964214,-1.696763,3.683434,10.234755,-1.220174,0.753286,-27.3066
272,27.2,3.490173,10.904448,-1.659263,3.705714,10.18071,-1.179791,0.755152,-27.4718
273,27.3,3.487116,10.844526,-1.621763,3.733576,10.120319,-1.138522,0.764996,-27.6877
274,27.4,3.486308,10.784532,-1.584263,3.762354,10.063488,-1.102068,0.772078,-27.6278
275,27.5,3.48775,10.724549,-1.546763,3.794364,10.005968,-1.062969,0.781263,-27.7194
276,27.6,3.49144,10.664662,-1.509263,3.823224,9.958675,-1.022887,0.780063,-27.8673
277,27.7,3.497372,10.604956,-1.471763,3.855533,9.909879,-0.985943,0.781929,-27.8355
278,27.8,3.505538,10.545515,-1.434263,3.89136,9.860391,-0.944182,0.786291,-28.0796
279,27.9,3.515928,10.486421,-1.396763,3.929621,9.811748,-0.904299,0.791408,-28.2162
280,28.0,3.528525,10.427759,-1.359263,3.974046,9.759944,-0.861935,0.802786,-28.4948
281,28.1,3.543313,10.369609,-1.321763,4.016676,9.713979,-0.823013,0.808655,-28.5763
282,28.2,3.560271,10.312056,-1.284263,4.058568,9.672126,-0.78494,0.811055,-28.6091
283,28.3,3.579375,10.255178,-1.246763,4.105824,9.628557,-0.744823,0.818415,-28.7591
284,28.4,3.600597,10.199057,-1.209263,4.154116,9.587585,-0.703582,0.824792,-28.9734
285,28.5,3.623909,10.143771,-1.171763,4.201894,9.550173,-0.664313,0.828508,-29.0748
286,28.6,3.649277,10.089397,-1.134263,4.254808,9.512089,-0.623842,0.836632,-29.245
287,28.7,3.676665,10.036013,-1.096763,4.310057,9.475597,-0.583723,0.845725,-29.3951
288,28.8,3.706036,9.983693,-1.059263,4.363179,9.443489,-0.543669,0.850681,-29.5414
289,28.9,3.737348,9.932512,-1.021763,4.415614,9.41434,-0.507368,0.853549,-29.4727
290,29.0,3.770557,9.88254,-0.984263,4.473391,9.385129,-0.468096,0.861043,-29.5742
291,29.1,3.805615,9.833848,-0.946763,4.531446,9.35837,-0.431904,0.867704,-29.4993
292,29.2,3.842475,9.786505,-0.909263,4.588616,9.334625,-0.393654,0.872308,-29.5422
293,29.3,3.881084,9.740577,-0.871763,4.645183,9.31343,-0.358507,0.875387,-29.4074
294,29.4,3.921387,9.696129,-0.834263,4.704081,9.294078,-0.31745,0.879917,-29.6112
295,29.5,3.963329,9.653223,-0.796763,4.76574,9.276401,-0.279202,0.886487,-29.6541
296,29.6,4.006849,9.61192,-0.759263,4.826914,9.261534,-0.238408,0.891783,-29.8428
297,29.7,4.051888,9.572277,-0.721763,4.88055,9.250702,-0.199266,0.888871,-29.9369
298,29.8,4.098381,9.534351,-0.684263,4.944369,9.240494,-0.158612,0.895571,-30.1176
299,29.9,4.146263,9.498195,-0.646763,5.012004,9.232537,-0.117109,0.905584,-30.347
300,30.0,4.195467,9.463859,-0.609263,5.075752,9.227608,-0.077168,0.911436,-30.4868
301,30.1,4.245924,9.431392,-0.571763,5.141064,9.225072,-0.038804,0.918609,-30.5363
302,30.2,4.297563,9.40084,-0.534263,5.203943,9.225215,0.00227,0.923238,-30.7411
303,30.3,4.350311,9.372245,-0.496763,5.272756,9.228062,0.041347,0.933646,-30.8314
304,30.4,4.404093,9.345647,-0.459263,5.335405,9.233153,0.081094,0.938081,-30.9602
305,30.5,4.458835,9.321085,-0.421763,5.401949,9.241205,0.120412,0.94649,-31.0644
306,30.6,4.51446,9.298592,-0.384263,5.468517,9.25181,0.157975,0.955204,-31.0679
307,30.7,4.570889,9.278201,-0.346763,5.529752,9.26403,0.196978,0.958968,-31.1541
308,30.8,4.628042,9.25994,-0.309263,5.593264,9.279459,0.238313,0.96542,-31.3738
309,30.9,4.68584,9.243834,-0.271763,5.649523,9.295391,0.275972,0.965062,-31.3829
310,31.0,4.744201,9.229906,-0.234263,5.710402,9.315169,0.314112,0.969956,-31.4196
311,31.1,4.803043,9.218177,-0.196763,5.765182,9.335503,0.355434,0.969266,-31.6386
312,31.2,4.862284,9.208661,-0.159263,5.824681,9.36036,0.395734,0.974279,-31.799
313,31.3,4.92184,9.201373,-0.121763,5.880467,9.386422,0.437038,0.976324,-32.017
314,31.4,4.981627,9.196323,-0.084263,5.935753,9.415097,0.478469,0.978886,-32.2422
315,31.5,5.041561,9.193519,-0.046763,5.988164,9.444844,0.516242,0.979399,-32.2579
316,31.6,5.101559,9.192963,-0.009263,6.042253,9.478328,0.554301,0.983026,-32.2898
317,31.7,5.161535,9.194657,0.028237,6.096135,9.51473,0.594163,0.987889,-32.4252
318,31.8,5.221405,9.198598,0.065737,6.144673,9.550394,0.633675,0.98802,-32.5405
319,31.9,5.281086,9.204781,0.103237,6.193044,9.589093,0.674767,0.989627,-32.7463
320,32.0,5.340493,9.213198,0.140737,6.239249,9.629075,0.713319,0.990312,-32.8065
321,32.1,5.399542,9.223835,0.178237,6.28769,9.67483,0.756891,0.996094,-33.1545
322,32.2,5.458151,9.236679,0.215737,6.335939,9.724151,0.796384,1.004062,-33.2687
323,32.3,5.516238,9.251712,0.253237,6.378493,9.771494,0.838635,1.006806,-33.5408
324,32.4,5.57372,9.268911,0.290737,6.418579,9.81961,0.876179,1.008493,-33.5434
325,32.5,5.630516,9.288254,0.328237,6.45714,9.869874,0.916401,1.010736,-33.6993
326,32.6,5.686548,9.309712,0.365737,6.492206,9.91919,0.952689,1.010222,-33.6299
327,32.7,5.741736,9.333256,0.403237,6.524246,9.968363,0.993312,1.007811,-33.8088
328,32.8,5.796002,9.358852,0.440737,6.555382,10.020498,1.032422,1.007191,-33.9011
329,32.9,5.84927,9.386465,0.478237,6.585771,10.076411,1.072957,1.009187,-34.075
330,33.0,5.901466,9.416056,0.515737,6.613156,10.13203,1.113268,1.009516,-34.236
331,33.1,5.952516,9.447582,0.553237,6.637692,10.187145,1.151964,1.008176,-34.3046
332,33.2,6.002348,9.481001,0.590737,6.659772,10.242856,1.193461,1.006295,-34.5336
333,33.3,6.050892,9.516264,0.628237,6.680716,10.302186,1.23145,1.007151,-34.5616
334,33.4,6.098079,9.553322,0.665737,6.699044,10.361356,1.270409,1.007014,-34.6452
335,33.5,6.143845,9.592123,0.703237,6.716032,10.424202,1.306793,1.009828,-34.5812
336,33.6,6.188123,9.632613,0.740737,6.729413,10.482576,1.345459,1.007686,-34.648
337,33.7,6.230852,9.674735,0.778237,6.742342,10.551979,1.386626,1.01547,-34.8581
338,33.8,6.271972,9.718429,0.815737,6.751301,10.614001,1.427336,1.015778,-35.042
339,33.9,6.311425,9.763633,0.853237,6.758518,10.682796,1.466272,1.022131,-35.1244
340,34.0,6.349155,9.810285,0.890737,6.762407,10.744574,1.50792,1.021603,-35.362
341,34.1,6.38511,9.858319,0.928237,6.763842,10.809041,1.548553,1.023381,-35.5415
342,34.2,6.419239,9.907667,0.965737,6.762567,10.870503,1.591536,1.022216,-35.8557
343,34.3,6.451493,9.95826,1.003237,6.758401,10.938504,1.631973,1.027166,-36.0239
344,34.4,6.481828,10.010027,1.040737,6.752117,11.003253,1.667546,1.029346,-35.9136
345,34.5,6.510201,10.062894,1.078237,6.743332,11.067568,1.706557,1.031368,-36.0001
346,34.6,6.536572,10.116789,1.115737,6.732047,11.130872,1.747212,1.032752,-36.1809
347,34.7,6.560904,10.171633,1.153237,6.718968,11.191453,1.783417,1.031996,-36.1067
348,34.8,6.583163,10.227352,1.190737,6.703071,11.253554,1.821402,1.033184,-36.1345
349,34.9,6.603317,10.283866,1.228237,6.685408,11.312994,1.859644,1.032397,-36.177
350,35.0,6.621338,10.341096,1.265737,6.665684,11.371747,1.894688,1.031605,-36.0363
351,35.1,6.6372,10.398961,1.303237,6.641971,11.434037,1.934539,1.035087,-36.1709
352,35.2,6.650883,10.45738,1.340737,6.615723,11.494957,1.977626,1.038173,-36.4911
353,35.3,6.662365,10.516271,1.378237,6.588699,11.551942,2.013621,1.038287,-36.4049
354,35.4,6.671631,10.575551,1.415737,6.560848,11.605446,2.050733,1.035836,-36.3826
355,35.5,6.678669,10.635137,1.453237,6.530322,11.658828,2.090258,1.034384,-36.4986
356,35.6,6.683467,10.694945,1.490737,6.500073,11.707132,2.130275,1.028667,-36.6428
357,35.7,6.68602,10.75489,1.528237,6.467087,11.755408,2.170207,1.024191,-36.7822
358,35.8,6.686323,10.81489,1.565737,6.429751,11.805744,2.208994,1.023534,-36.8559
359,35.9,6.684377,10.874858,1.603237,6.390443,11.854696,2.247357,1.022976,-36.9054
360,36.0,6.680184,10.934711,1.640737,6.350446,11.900968,2.283577,1.02097,-36.832
361,36.1,6.67375,10.994365,1.678237,6.307305,11.946758,2.326412,1.020458,-37.1377
362,36.2,6.665084,11.053736,1.715737,6.257971,11.994915,2.368266,1.025455,-37.3872
363,36.3,6.654199,11.112741,1.753237,6.209675,12.038593,2.406372,1.027036,-37.4219
364,36.4,6.641108,11.171295,1.790737,6.158004,12.081758,2.445642,1.030695,-37.5233
365,36.5,6.625832,11.229318,1.828237,6.108287,12.120114,2.484471,1.030229,-37.5995
366,36.6,6.608391,11.286727,1.865737,6.056736,12.156806,2.52303,1.030224,-37.6601
367,36.7,6.58881,11.343442,1.903237,6.004291,12.191258,2.560371,1.029784,-37.6511
368,36.8,6.567116,11.399383,1.940737,5.95114,12.222943,2.604022,1.028435,-38.0035
369,36.9,6.543341,11.454471,1.978237,5.895994,12.252972,2.64295,1.02794,-38.0853
370,37.0,6.517517,11.508629,2.015737,5.838053,12.28153,2.683653,1.0291,-38.2688
371,37.1,6.48968,11.561781,2.053237,5.783554,12.3058,2.722639,1.025757,-38.3539
372,37.2,6.45987,11.613852,2.090737,5.722467,12.330133,2.76252,1.028018,-38.4904
373,37.3,6.428129,11.664769,2.128237,5.662661,12.351072,2.804809,1.028083,-38.7647
374,37.4,6.394502,11.71446,2.165737,5.604368,12.368929,2.844339,1.025983,-38.8811
375,37.5,6.359035,11.762855,2.203237,5.544916,12.384432,2.886508,1.024279,-39.1486
376,37.6,6.321779,11.809887,2.240737,5.489111,12.396733,2.924627,1.018687,-39.184
377,37.7,6.282785,11.855488,2.278237,5.428651,12.407507,2.965246,1.01699,-39.3627
378,37.8,6.242109,11.899596,2.315737,5.364417,12.41619,3.007237,1.018437,-39.6201
379,37.9,6.199809,11.942148,2.353237,5.306394,12.421635,3.048019,1.013952,-39.8081
380,38.0,6.155942,11.983084,2.390737,5.244369,12.425078,3.086146,1.013077,-39.844
381,38.1,6.110572,12.022346,2.428237,5.179761,12.426228,3.123796,1.014658,-39.8526
382,38.2,6.063762,12.05988,2.465737,5.123004,12.425042,-3.120709,1.009143,-39.9203
383,38.3,6.015577,12.095633,2.503237,5.064599,12.42159,-3.08255,1.00529,-39.958
384,38.4,5.966086,12.129554,2.540737,5.000798,12.415253,-3.04259,1.00668,-40.0989
385,38.5,5.915358,12.161595,2.578237,4.933682,12.405931,-3.00359,1.011627,-40.1849
386,38.6,5.863464,12.191712,2.615737,4.876183,12.395708,-2.965632,1.008136,-40.2111
387,38.7,5.810478,12.219863,2.653237,4.817304,12.38297,-2.928541,1.006479,-40.1877
388,38.8,5.756474,12.246007,2.690737,4.755016,12.366985,-2.890376,1.008738,-40.2258
389,38.9,5.701527,12.270108,2.728237,4.700362,12.350562,-2.849694,1.004392,-40.4081
390,39.0,5.645715,12.292132,2.765737,4.641117,12.330141,-2.80965,1.005317,-40.5539
391,39.1,5.589117,12.312049,2.803237,4.582143,12.307097,-2.76909,1.006987,-40.7292
392,39.2,5.531812,12.329829,2.840737,4.524365,12.281696,-2.727398,1.008596,-40.9694
393,39.3,5.473881,12.345448,2.878237,4.46661,12.25349,-2.687287,1.01146,-41.119
394,39.4,5.415405,12.358885,2.915737,4.409967,12.223208,-2.650644,1.014551,-41.0699
395,39.5,5.356466,12.370119,2.953237,4.356031,12.191618,-2.611755,1.016235,-41.1495
396,39.6,5.297147,12.379136,2.990737,4.302353,12.157464,-2.574927,1.019193,-41.1109
397,39.7,5.237532,12.385923,3.028237,4.246551,12.118775,-2.535357,1.026359,-41.2296
398,39.8,5.177705,12.39047,3.065737,4.199019,12.083207,-2.499186,1.025786,-41.1534
399,39.9,5.117749,12.392771,3.103237,4.150751,12.044046,-2.459979,1.027956,-41.2512
400,40.0,5.057749,12.392822,3.140737,4.105054,12.003872,-2.420431,1.029033,-41.3686
401,40.1,4.997789,12.390624,-3.104949,4.06085,11.961726,-2.380022,1.030441,-41.5352
402,40.2,4.937954,12.38618,-3.067449,4.01851,11.918055,-2.340719,1.031755,-41.6385
403,40.3,4.878328,12.379495,-3.029949,3.974749,11.868733,-2.296522,1.037946,-42.0222
404,40.4,4.818994,12.370579,-2.992449,3.9367,11.82237,-2.258018,1.038737,-42.0798
405,40.5,4.760036,12.359446,-2.954949,3.900273,11.77409,-2.217173,1.040112,-42.2715
406,40.6,4.701537,12.346109,-2.917449,3.866258,11.725204,-2.178706,1.040776,-42.3269
407,40.7,4.643579,12.330589,-2.879949,3.832289,11.672252,-2.141166,1.044796,-42.3291
408,40.8,4.586244,12.312907,-2.842449,3.801795,11.62043,-2.102683,1.046367,-42.3855
409,40.9,4.529611,12.293088,-2.804949,3.77485,11.570543,-2.066018,1.044861,-42.3376
410,41.0,4.473762,12.271159,-2.767449,3.747677,11.515081,-2.026365,1.048262,-42.461
411,41.1,4.418774,12.247152,-2.729949,3.722243,11.458053,-1.990316,1.052537,-42.3778
412,41.2,4.364725,12.221101,-2.692449,3.699468,11.400809,-1.949444,1.056147,-42.571
413,41.3,4.311691,12.193041,-2.654949,3.677938,11.339831,-1.910217,1.062832,-42.67
414,41.4,4.259746,12.163013,-2.617449,3.660172,11.282167,-1.869658,1.065541,-42.8452
415,41.5,4.208963,12.131058,-2.579949,3.644323,11.22299,-1.832475,1.069302,-42.8271
416,41.6,4.159414,12.097222,-2.542449,3.631124,11.163851,-1.790385,1.072506,-43.0901
417,41.7,4.111168,12.061552,-2.504949,3.61985,11.101197,-1.748836,1.078737,-43.3221
418,41.8,4.064293,12.024098,-2.467449,3.611448,11.040211,-1.707702,1.083099,-43.5303
419,41.9,4.018856,11.984913,-2.429949,3.605471,10.979308,-1.668622,1.087257,-43.6208
420,42.0,3.97492,11.944052,-2.392449,3.601456,10.908964,-1.627809,1.100402,-43.8106
421,42.1,3.932546,11.901573,-2.354949,3.600362,10.847477,-1.588593,1.105199,-43.909
422,42.2,3.891795,11.857535,-2.317449,3.601887,10.783516,-1.546948,1.112458,-44.1464
423,42.3,3.852724,11.812,-2.279949,3.605575,10.722094,-1.510838,1.117577,-44.0668
424,42.4,3.815387,11.765033,-2.242449,3.611741,10.66024,-1.471434,1.123405,-44.1759
425,42.5,3.779837,11.716698,-2.204949,3.620653,10.597542,-1.429591,1.130421,-44.4247
426,42.6,3.746124,11.667065,-2.167449,3.632235,10.534649,-1.388691,1.138129,-44.6195
427,42.7,3.714296,11.616203,-2.129949,3.645443,10.476432,-1.347689,1.141849,-44.8202
428,42.8,3.684398,11.564183,-2.092449,3.663519,10.409542,-1.306865,1.154829,-45.0106
429,42.9,3.65647,11.511079,-2.054949,3.682581,10.348698,-1.267201,1.162674,-45.1346
430,43.0,3.630553,11.456965,-2.017449,3.705458,10.284278,-1.229565,1.175077,-45.1424
431,43.1,3.606683,11.401917,-1.979949,3.728788,10.226116,-1.189327,1.182125,-45.2993
432,43.2,3.584894,11.346014,-1.942449,3.755388,10.166554,-1.150772,1.191719,-45.3597
433,43.3,3.565216,11.289332,-1.904949,3.783702,10.109244,-1.111918,1.200143,-45.4373
434,43.4,3.547677,11.231953,-1.867449,3.813968,10.053579,-1.072791,1.208088,-45.5306
435,43.5,3.532301,11.173957,-1.829949,3.844462,10.0024,-1.033455,1.212431,-45.6357
436,43.6,3.51911,11.115424,-1.792449,3.880149,9.947319,-0.995893,1.222628,-45.6393
437,43.7,3.508124,11.056439,-1.754949,3.916107,9.896472,-0.955272,1.229624,-45.8181
438,43.8,3.499356,10.997083,-1.717449,3.95254,9.849064,-0.915554,1.23423,-45.9452
439,43.9,3.49282,10.93744,-1.679949,3.990928,9.803186,-0.874052,1.238807,-46.1745
440,44.0,3.488524,10.877594,-1.642449,4.038082,9.751535,-0.830885,1.253006,-46.4992
441,44.1,3.486476,10.817629,-1.604949,4.081956,9.707244,-0.790122,1.259981,-46.6861
442,44.2,3.486676,10.757629,-1.567449,4.128294,9.664028,-0.750556,1.267927,-46.8045
443,44.3,3.489127,10.697679,-1.529949,4.179431,9.619748,-0.713654,1.280022,-46.7702
444,44.4,3.493823,10.637863,-1.492449,4.231113,9.578434,-0.674371,1.290732,-46.8724
445,44.5,3.500758,10.578266,-1.454949,4.285248,9.538576,-0.634645,1.302451,-46.9999
446,44.6,3.509923,10.51897,-1.417449,4.335759,9.504408,-0.594751,1.308182,-47.1371
447,44.7,3.521304,10.460059,-1.379949,4.391169,9.47003,-0.555308,1.317885,-47.2484
448,44.8,3.534886,10.401617,-1.342449,4.44721,9.438172,-0.516912,1.326861,-47.2998
449,44.9,3.55065,10.343724,-1.304949,4.497521,9.412245,-0.475849,1.328239,-47.5039
450,45.0,3.568573,10.286464,-1.267449,4.556523,9.384741,-0.436196,1.337591,-47.6273
451,45.1,3.58863,10.229916,-1.229949,4.614864,9.360427,-0.394878,1.345053,-47.846
452,45.2,3.610793,10.174159,-1.192449,4.672611,9.338899,-0.356828,1.350968,-47.8775
453,45.3,3.635031,10.119273,-1.154949,4.731969,9.319543,-0.315223,1.357512,-48.1127
454,45.4,3.66131,10.065333,-1.117449,4.788619,9.303644,-0.273614,1.360513,-48.3482
455,45.5,3.689592,10.012417,-1.079949,4.848004,9.289344,-0.236303,1.365559,-48.3374
456,45.6,3.719839,9.960599,-1.042449,4.913491,9.276266,-0.197109,1.375906,-48.4344
457,45.7,3.752007,9.909951,-1.004949,4.97185,9.266943,-0.158407,1.37894,-48.5033
458,45.8,3.786051,9.860544,-0.967449,5.037195,9.259277,-0.116797,1.388123,-48.7388
459,45.9,3.821923,9.812449,-0.929949,5.098732,9.25455,-0.07666,1.393375,-48.8899
460,46.0,3.859574,9.765732,-0.892449,5.163826,9.252043,-0.038494,1.401768,-48.928
461,46.1,3.898949,9.72046,-0.854949,5.227892,9.252096,0.000822,1.409061,-49.032
462,46.2,3.939994,9.676696,-0.817449,5.289236,9.254506,0.039274,1.413753,-49.0866
463,46.3,3.982651,9.634501,-0.779949,5.352242,9.259475,0.078705,1.420008,-49.1972
464,46.4,4.02686,9.593936,-0.742449,5.413124,9.266648,0.117281,1.424375,-49.2589
465,46.5,4.072559,9.555056,-0.704949,5.478648,9.277025,0.157057,1.433313,-49.3893
466,46.6,4.119683,9.517917,-0.667449,5.543011,9.289984,0.198686,1.441463,-49.6258
467,46.7,4.168166,9.482571,-0.629949,5.605885,9.305525,0.242318,1.448579,-49.9772
468,46.8,4.217941,9.449067,-0.592449,5.663999,9.322438,0.283209,1.451591,-50.1715
469,46.9,4.268937,9.417453,-0.554949,5.722775,9.342312,0.326064,1.455779,-50.4783
470,47.0,4.321082,9.387773,-0.517449,5.786468,9.366415,0.361775,1.465542,-50.3758
471,47.1,4.374303,9.360069,-0.479949,5.841762,9.389949,0.402395,1.467763,-50.5546
472,47.2,4.428525,9.33438,-0.442449,5.900817,9.417979,0.443151,1.474663,-50.7411
473,47.3,4.483672,9.310742,-0.404949,5.956411,9.447161,0.48338,1.479043,-50.8975
474,47.4,4.539667,9.289188,-0.367449,6.012699,9.479585,0.522609,1.485286,-50.9965
475,47.5,4.596431,9.269748,-0.329949,6.068766,9.51456,0.557747,1.49255,-50.8612
476,47.6,4.653883,9.25245,-0.292449,6.122507,9.550948,0.595183,1.498652,-50.8576
477,47.7,4.711944,9.237318,-0.254949,6.175576,9.589978,0.63413,1.505519,-50.9404
478,47.8,4.770531,9.224374,-0.217449,6.222709,9.627643,0.674206,1.507132,-51.088
479,47.9,4.829562,9.213635,-0.179949,6.268339,9.667012,0.711869,1.508519,-51.0974
480,48.0,4.888954,9.205117,-0.142449,6.310948,9.706801,0.751194,1.507896,-51.202
481,48.1,4.948624,9.198832,-0.104949,6.356225,9.752725,0.792487,1.512659,-51.4193
482,48.2,5.008488,9.194788,-0.067449,6.398278,9.799062,0.833827,1.515475,-51.6393
483,48.3,5.068461,9.192991,-0.029949,6.438791,9.847379,0.873027,1.518561,-51.7367
484,48.4,5.128459,9.193444,0.007551,6.478288,9.89865,0.914387,1.522942,-51.9578
485,48.5,5.188398,9.196146,0.045051,6.514172,9.94918,0.953304,1.524708,-52.0391
486,48.6,5.248194,9.201094,0.082551,6.548326,10.001544,0.992835,1.526782,-52.1554
487,48.7,5.307762,9.20828,0.120051,6.579155,10.053366,1.034137,1.526634,-52.3733
488,48.8,5.367019,9.217694,0.157551,6.608588,10.107705,1.074379,1.527617,-52.5304
489,48.9,5.425881,9.229323,0.195051,6.635261,10.162035,1.114427,1.527269,-52.6764
490,49.0,5.484266,9.24315,0.232551,6.661299,10.22069,1.153013,1.530029,-52.7386
491,49.1,5.542092,9.259157,0.270051,6.686769,10.284884,1.193084,1.537011,-52.8859
492,49.2,5.599276,9.277321,0.307551,6.709333,10.349382,1.234257,1.543224,-53.0963
493,49.3,5.65574,9.297615,0.345051,6.72724,10.407708,1.272916,1.54286,-53.1627
494,49.4,5.711403,9.320013,0.382551,6.743672,10.469882,1.312405,1.545244,-53.2767
495,49.5,5.766187,9.344481,0.420051,6.757426,10.531514,1.351244,1.54648,-53.3534
496,49.6,5.820015,9.370986,0.457551,6.767767,10.588152,1.390196,1.542636,-53.4366
497,49.7,5.872812,9.399491,0.495051,6.775659,10.643942,1.430268,1.537463,-53.584
498,49.8,5.924503,9.429955,0.532551,6.781882,10.704445,1.468302,1.536042,-53.6146
499,49.9,5.975015,9.462335,0.570051,6.785783,10.766665,1.508188,1.53578,-53.7513
500,50.0,6.024278,9.496587,0.607551,6.787339,10.825348,1.544284,1.532276,-53.6709
